Tissue,Avg,Std
bud,1.0,1.809534612548553
rootip,0.9198207544319722,2.618092920571589
shootip,0.5467847834188019,1.6930442503313308
bark,0.401941830636804,1.789683084315969
xylem,0.3006750751091697,1.825479079937582
leaf,0.2397098629004819,1.407833958736919
