Tissue,Avg,Std
bud,1.0,0.1617778118036267
rootip,0.023890457080562255,0.29891101087685107
bark,0.014979022919217367,0.06958879137208629
xylem,0.006537998771188121,0.08706903783880468
leaf,0.004630123342305171,0.06180131823822475
shootip,0.004113925889464011,0.06939310468977104
