Tissue,Expression
Bark,0.27464581
Leaf,0.888513239
RootTip,0.172199547
ShootTip,1
Xylem,0.6292332
