Tissue,Expression
Bark,0.596379487
Bud,0.239709863
Leaf,1
RootTip,0.260604973
ShootTip,0.438398928
Xylem,0.797238889
