Tissue,Expression
Bark,0.147664483
Bud,0.088795149
Leaf,0.47272683
ShootTip,0.21904105
Xylem,1
